﻿<?xml version="1.0" encoding="utf-8"?>
<DownloadTask>
  <ProjectInfo
    DeviceVersion="15.0.0.0"
    CreationTime="2019-06-15 07:13:39 (UTC)"
    Runtime="COLORADO"
    RtProjectName="Exercises.PC station[SIMATIC PC station - WinCC RT Advanced]"
    RtProjectFolderName="Exercises.PC station[SIMATIC PC station - WinCC RT Advanced]"
    DeviceType="PC-OP"
    DisplayOrientation="0"
    RTReleaseNo="15.0.0.0"
    ImageReleaseNo="15.0.0.0"
    RTCV="15.0.0.0"
    PRCV="15.0.0.0"
    FirmwareFileName=""
    RuntimeFileName=""
    RuntimeAddonFolderName="" />
  <FullDownload>pdata.fwc</FullDownload>
  <FullDownload
    type="ADMINDATA">pdata.pwx</FullDownload>
  <FullDownload>pdata.tfz</FullDownload>
  <FullDownload>ProjectSettings.hsf</FullDownload>
  <License
    type="WCRT011500">WinCC RT Advanced (128)</License>
  <License
    type="WCLORT9999">WinCC Logging for RT Advanced</License>
</DownloadTask>